{"/Users/jepson/Desktop/Harmony/projects/Part2Demo/AppScope/app.json5":{"hashValue":"ed9bb9929cd220f5a6d4b7fe5edfa05d","name":"app.json5","path":"/Users/jepson/Desktop/Harmony/projects/Part2Demo/AppScope/app.json5","type":"file","isSymbolicLink":false,"fileMetaData":{"size":206,"lastModifiedTime":1710732021752}},"/Users/jepson/Desktop/Harmony/projects/Part2Demo/entry/src/main/module.json5":{"hashValue":"55664de6586f0b8e0069d5c47e750b9f","name":"module.json5","path":"/Users/jepson/Desktop/Harmony/projects/Part2Demo/entry/src/main/module.json5","type":"file","isSymbolicLink":false,"fileMetaData":{"size":918,"lastModifiedTime":1710732021758}},"/Users/jepson/Desktop/Harmony/projects/Part2Demo/build-profile.json5":{"hashValue":"988639e9ee637a86711000ff1c86b542","name":"build-profile.json5","path":"/Users/jepson/Desktop/Harmony/projects/Part2Demo/build-profile.json5","type":"file","isSymbolicLink":false,"fileMetaData":{"size":605,"lastModifiedTime":1710732021765}},"/Users/jepson/Desktop/Harmony/projects/Part2Demo/entry/build-profile.json5":{"hashValue":"a972d15bbc77367a1618e549ae706cec","name":"build-profile.json5","path":"/Users/jepson/Desktop/Harmony/projects/Part2Demo/entry/build-profile.json5","type":"file","isSymbolicLink":false,"fileMetaData":{"size":421,"lastModifiedTime":1710732021746}},"/Users/jepson/Desktop/Harmony/projects/Part2Demo/entry/src/main/resources/base/profile/main_pages.json":{"hashValue":"9f9cc6c91907d230ba0ebd958f37dfc7","name":"main_pages.json","path":"/Users/jepson/Desktop/Harmony/projects/Part2Demo/entry/src/main/resources/base/profile/main_pages.json","type":"file","isSymbolicLink":false,"fileMetaData":{"size":37,"lastModifiedTime":1710732019829}},"/Users/jepson/Desktop/Harmony/projects/Part2Demo/entry/oh-package.json5":{"hashValue":"747106ef3abef71c3ac9144bb484f0b3","name":"oh-package.json5","path":"/Users/jepson/Desktop/Harmony/projects/Part2Demo/entry/oh-package.json5","type":"file","isSymbolicLink":false,"fileMetaData":{"size":173,"lastModifiedTime":1710732019607}},"/Users/jepson/Desktop/Harmony/projects/Part2Demo/entry/.preview/default/generated/profile/default/BuildProfile.ets":{"hashValue":"98bb6277ef5b75aa4da6845884d3b918","name":"BuildProfile.ets","path":"/Users/jepson/Desktop/Harmony/projects/Part2Demo/entry/.preview/default/generated/profile/default/BuildProfile.ets","type":"file","isSymbolicLink":false,"fileMetaData":{"size":374,"lastModifiedTime":1710732062484}},"/Users/jepson/Desktop/Harmony/projects/Part2Demo/entry/src/mock/mock-config.json5":{"hashValue":"6af00850fbbfc313fe05885fffd5a016","name":"mock-config.json5","path":"/Users/jepson/Desktop/Harmony/projects/Part2Demo/entry/src/mock/mock-config.json5","type":"file","isSymbolicLink":false,"fileMetaData":{"size":3,"lastModifiedTime":1710732019780}},"/Users/jepson/Desktop/Harmony/projects/Part2Demo/entry/.preview/default/intermediates/loader/default/loader.json":{"hashValue":"863cfcfbf06dccbb4ced882eceb6ee3d","name":"loader.json","path":"/Users/jepson/Desktop/Harmony/projects/Part2Demo/entry/.preview/default/intermediates/loader/default/loader.json","type":"file","isSymbolicLink":false,"fileMetaData":{"size":586,"lastModifiedTime":1710732062487}},"/Users/jepson/Desktop/Harmony/projects/Part2Demo/entry/.preview/default/intermediates/merge_profile/default/module.json":{"hashValue":"09f914b1921f6d39d7e725fad2367b44","name":"module.json","path":"/Users/jepson/Desktop/Harmony/projects/Part2Demo/entry/.preview/default/intermediates/merge_profile/default/module.json","type":"file","isSymbolicLink":false,"fileMetaData":{"size":1179,"lastModifiedTime":1710732062489}},"/Users/jepson/Desktop/Harmony/projects/Part2Demo/entry/.preview/default/intermediates/process_profile/default/module.json":{"hashValue":"684573619d1e978b97e121be7f251cf2","name":"module.json","path":"/Users/jepson/Desktop/Harmony/projects/Part2Demo/entry/.preview/default/intermediates/process_profile/default/module.json","type":"file","isSymbolicLink":false,"fileMetaData":{"size":1265,"lastModifiedTime":1710732062562}},"/Users/jepson/Desktop/Harmony/projects/Part2Demo/entry/src/main/resources":{"hashValue":"ab683ac9b07a41f8be36ea59fff4e0cd","name":"resources","path":"/Users/jepson/Desktop/Harmony/projects/Part2Demo/entry/src/main/resources","type":"directory","isSymbolicLink":false,"children":[{"hashValue":"6b4dc5d83eee487a8f5e4c944f5893dc","name":"base","path":"/Users/jepson/Desktop/Harmony/projects/Part2Demo/entry/src/main/resources/base","type":"directory","isSymbolicLink":false,"children":[{"hashValue":"6b3961bdbe64e372f5f9a6b1dfafb4de","name":"element","path":"/Users/jepson/Desktop/Harmony/projects/Part2Demo/entry/src/main/resources/base/element","type":"directory","isSymbolicLink":false,"children":[{"hashValue":"62413c7d291b8356e06af0717015a51f","name":"color.json","path":"/Users/jepson/Desktop/Harmony/projects/Part2Demo/entry/src/main/resources/base/element/color.json","type":"file","isSymbolicLink":false,"fileMetaData":{"size":98,"lastModifiedTime":1710732019807}},{"hashValue":"1b29630360d681651fc3ab50c5aa01a1","name":"string.json","path":"/Users/jepson/Desktop/Harmony/projects/Part2Demo/entry/src/main/resources/base/element/string.json","type":"file","isSymbolicLink":false,"fileMetaData":{"size":247,"lastModifiedTime":1710732021749}}]},{"hashValue":"1deebb01c2830c05f101da6c321efe5b","name":"media","path":"/Users/jepson/Desktop/Harmony/projects/Part2Demo/entry/src/main/resources/base/media","type":"directory","isSymbolicLink":false,"children":[{"hashValue":"06dc6322c741bb3d20a1cc822e50a9c0","name":"avatar.jpg","path":"/Users/jepson/Desktop/Harmony/projects/Part2Demo/entry/src/main/resources/base/media/avatar.jpg","type":"file","isSymbolicLink":false,"fileMetaData":{"size":95537,"lastModifiedTime":1705980702000}},{"hashValue":"85ea9a494ad27c371aa4441a5b661d1a","name":"bg_00.png","path":"/Users/jepson/Desktop/Harmony/projects/Part2Demo/entry/src/main/resources/base/media/bg_00.png","type":"file","isSymbolicLink":false,"fileMetaData":{"size":230247,"lastModifiedTime":1710402712431}},{"hashValue":"e9065c534fb919cc6d1b0818b914ff61","name":"bg_01.png","path":"/Users/jepson/Desktop/Harmony/projects/Part2Demo/entry/src/main/resources/base/media/bg_01.png","type":"file","isSymbolicLink":false,"fileMetaData":{"size":29188,"lastModifiedTime":1710402698700}},{"hashValue":"c7f219e72df7d69ab653b63d0fdef186","name":"bg_02.png","path":"/Users/jepson/Desktop/Harmony/projects/Part2Demo/entry/src/main/resources/base/media/bg_02.png","type":"file","isSymbolicLink":false,"fileMetaData":{"size":232427,"lastModifiedTime":1710402683514}},{"hashValue":"5a302ba26200837fc8b45b181bea2787","name":"bg_03.png","path":"/Users/jepson/Desktop/Harmony/projects/Part2Demo/entry/src/main/resources/base/media/bg_03.png","type":"file","isSymbolicLink":false,"fileMetaData":{"size":231958,"lastModifiedTime":1710402700579}},{"hashValue":"92ece12a4991df62d4789d19fc27dfcf","name":"bg_04.png","path":"/Users/jepson/Desktop/Harmony/projects/Part2Demo/entry/src/main/resources/base/media/bg_04.png","type":"file","isSymbolicLink":false,"fileMetaData":{"size":233111,"lastModifiedTime":1710402708229}},{"hashValue":"53576ff35fa3aadaf5c9b35f6e2dd8c5","name":"bg_05.png","path":"/Users/jepson/Desktop/Harmony/projects/Part2Demo/entry/src/main/resources/base/media/bg_05.png","type":"file","isSymbolicLink":false,"fileMetaData":{"size":228490,"lastModifiedTime":1710402697249}},{"hashValue":"1fa7d582ba4bcdde960c06e6a17d253f","name":"eyes.jpg","path":"/Users/jepson/Desktop/Harmony/projects/Part2Demo/entry/src/main/resources/base/media/eyes.jpg","type":"file","isSymbolicLink":false,"fileMetaData":{"size":205385,"lastModifiedTime":1705980700000}},{"hashValue":"6b511de0b90ca3dcf609fdb79150b409","name":"hw.png","path":"/Users/jepson/Desktop/Harmony/projects/Part2Demo/entry/src/main/resources/base/media/hw.png","type":"file","isSymbolicLink":false,"fileMetaData":{"size":507842,"lastModifiedTime":1710402711036}},{"hashValue":"fd1656c8260d341b83c8b093c7e743c5","name":"ic_cart2.svg","path":"/Users/jepson/Desktop/Harmony/projects/Part2Demo/entry/src/main/resources/base/media/ic_cart2.svg","type":"file","isSymbolicLink":false,"fileMetaData":{"size":927,"lastModifiedTime":1710402715053}},{"hashValue":"555aef6356eff89f7fdf0e1a0c0b7d9b","name":"ic_dianpu.svg","path":"/Users/jepson/Desktop/Harmony/projects/Part2Demo/entry/src/main/resources/base/media/ic_dianpu.svg","type":"file","isSymbolicLink":false,"fileMetaData":{"size":3453,"lastModifiedTime":1710402689598}},{"hashValue":"9524b2ec4b6b691f5a6820afe6f941da","name":"ic_kefu.svg","path":"/Users/jepson/Desktop/Harmony/projects/Part2Demo/entry/src/main/resources/base/media/ic_kefu.svg","type":"file","isSymbolicLink":false,"fileMetaData":{"size":2057,"lastModifiedTime":1710402678981}},{"hashValue":"f8cc6689176a82373921314893c0dd24","name":"ic_lingdang.svg","path":"/Users/jepson/Desktop/Harmony/projects/Part2Demo/entry/src/main/resources/base/media/ic_lingdang.svg","type":"file","isSymbolicLink":false,"fileMetaData":{"size":943,"lastModifiedTime":1710402990859}},{"hashValue":"48e04bc54a881a73c6759c99ef4c13f0","name":"ic_love.svg","path":"/Users/jepson/Desktop/Harmony/projects/Part2Demo/entry/src/main/resources/base/media/ic_love.svg","type":"file","isSymbolicLink":false,"fileMetaData":{"size":1040,"lastModifiedTime":1710904580525}},{"hashValue":"73f93917d5a4c8d086d848c227af1ef6","name":"ic_shangjiantou.svg","path":"/Users/jepson/Desktop/Harmony/projects/Part2Demo/entry/src/main/resources/base/media/ic_shangjiantou.svg","type":"file","isSymbolicLink":false,"fileMetaData":{"size":359,"lastModifiedTime":1710402987787}},{"hashValue":"df62ce416e4c79ea12074f7a36ee486c","name":"icon.png","path":"/Users/jepson/Desktop/Harmony/projects/Part2Demo/entry/src/main/resources/base/media/icon.png","type":"file","isSymbolicLink":false,"fileMetaData":{"size":2041,"lastModifiedTime":1710402900436}},{"hashValue":"a142a4e36bb30f55113e7c0dd74144fc","name":"img_00.png","path":"/Users/jepson/Desktop/Harmony/projects/Part2Demo/entry/src/main/resources/base/media/img_00.png","type":"file","isSymbolicLink":false,"fileMetaData":{"size":755555,"lastModifiedTime":1710402522764}},{"hashValue":"79714fc8383cb528f20d8ae1729f406c","name":"img_01.png","path":"/Users/jepson/Desktop/Harmony/projects/Part2Demo/entry/src/main/resources/base/media/img_01.png","type":"file","isSymbolicLink":false,"fileMetaData":{"size":459629,"lastModifiedTime":1710402659635}},{"hashValue":"0b620108998c6c504ced1552881462f2","name":"img_02.png","path":"/Users/jepson/Desktop/Harmony/projects/Part2Demo/entry/src/main/resources/base/media/img_02.png","type":"file","isSymbolicLink":false,"fileMetaData":{"size":807856,"lastModifiedTime":1710402659519}},{"hashValue":"e5254e34ffd3b89c1db28cb7dd042dea","name":"img_03.png","path":"/Users/jepson/Desktop/Harmony/projects/Part2Demo/entry/src/main/resources/base/media/img_03.png","type":"file","isSymbolicLink":false,"fileMetaData":{"size":669282,"lastModifiedTime":1710402619201}},{"hashValue":"5d25234cccf34a7044e50fc458ce6096","name":"img_04.png","path":"/Users/jepson/Desktop/Harmony/projects/Part2Demo/entry/src/main/resources/base/media/img_04.png","type":"file","isSymbolicLink":false,"fileMetaData":{"size":799274,"lastModifiedTime":1710402634955}},{"hashValue":"7660e89c8a8d5825cad62be93735a50b","name":"img_05.png","path":"/Users/jepson/Desktop/Harmony/projects/Part2Demo/entry/src/main/resources/base/media/img_05.png","type":"file","isSymbolicLink":false,"fileMetaData":{"size":643166,"lastModifiedTime":1710402521523}},{"hashValue":"7ff3873af2240cd1584d410b652b29b5","name":"pg.png","path":"/Users/jepson/Desktop/Harmony/projects/Part2Demo/entry/src/main/resources/base/media/pg.png","type":"file","isSymbolicLink":false,"fileMetaData":{"size":275231,"lastModifiedTime":1710402515244}},{"hashValue":"45d74a9d70a9ed2ef2dc958028443946","name":"product1.jpg","path":"/Users/jepson/Desktop/Harmony/projects/Part2Demo/entry/src/main/resources/base/media/product1.jpg","type":"file","isSymbolicLink":false,"fileMetaData":{"size":290427,"lastModifiedTime":1705995136000}},{"hashValue":"df6690bdff61d1c19ea130fe39b599b0","name":"startIcon.png","path":"/Users/jepson/Desktop/Harmony/projects/Part2Demo/entry/src/main/resources/base/media/startIcon.png","type":"file","isSymbolicLink":false,"fileMetaData":{"size":4351,"lastModifiedTime":1710402516769}}]},{"hashValue":"81248849bc080d40b790d977ddf33184","name":"profile","path":"/Users/jepson/Desktop/Harmony/projects/Part2Demo/entry/src/main/resources/base/profile","type":"directory","isSymbolicLink":false,"children":[{"hashValue":"9f9cc6c91907d230ba0ebd958f37dfc7","name":"main_pages.json","path":"/Users/jepson/Desktop/Harmony/projects/Part2Demo/entry/src/main/resources/base/profile/main_pages.json","type":"file","isSymbolicLink":false,"fileMetaData":{"size":37,"lastModifiedTime":1710732019829}}]}]},{"hashValue":"a52341d55e93ae9a8d03037be4bfd6ba","name":"en_US","path":"/Users/jepson/Desktop/Harmony/projects/Part2Demo/entry/src/main/resources/en_US","type":"directory","isSymbolicLink":false,"children":[{"hashValue":"9ea53c4bb4d1e882dce934dd4d96e2cc","name":"element","path":"/Users/jepson/Desktop/Harmony/projects/Part2Demo/entry/src/main/resources/en_US/element","type":"directory","isSymbolicLink":false,"children":[{"hashValue":"cdfb956a81e9bcaaa9d527dafbe9bcad","name":"string.json","path":"/Users/jepson/Desktop/Harmony/projects/Part2Demo/entry/src/main/resources/en_US/element/string.json","type":"file","isSymbolicLink":false,"fileMetaData":{"size":247,"lastModifiedTime":1710732021768}}]}]},{"hashValue":"","name":"rawfile","path":"/Users/jepson/Desktop/Harmony/projects/Part2Demo/entry/src/main/resources/rawfile","type":"directory","isSymbolicLink":false,"children":[]},{"hashValue":"2fc9e27c4958e67c824e4c484542067a","name":"zh_CN","path":"/Users/jepson/Desktop/Harmony/projects/Part2Demo/entry/src/main/resources/zh_CN","type":"directory","isSymbolicLink":false,"children":[{"hashValue":"7fbfe219b4426fdcadd9255ba127fa03","name":"element","path":"/Users/jepson/Desktop/Harmony/projects/Part2Demo/entry/src/main/resources/zh_CN/element","type":"directory","isSymbolicLink":false,"children":[{"hashValue":"f057f1e81b922e2da614dd92dfaca65b","name":"string.json","path":"/Users/jepson/Desktop/Harmony/projects/Part2Demo/entry/src/main/resources/zh_CN/element/string.json","type":"file","isSymbolicLink":false,"fileMetaData":{"size":241,"lastModifiedTime":1710732021763}}]}]}]},"/Users/jepson/Desktop/Harmony/projects/Part2Demo/entry/.preview/default/intermediates/res/default":{"hashValue":"bedf02b262275dfb5ca155ebf7da5333","name":"default","path":"/Users/jepson/Desktop/Harmony/projects/Part2Demo/entry/.preview/default/intermediates/res/default","type":"directory","isSymbolicLink":false,"children":[{"hashValue":"cb5ba272a15aa79df39ec66beb2d6752","name":"app_compiled","path":"/Users/jepson/Desktop/Harmony/projects/Part2Demo/entry/.preview/default/intermediates/res/default/app_compiled","type":"directory","isSymbolicLink":false,"children":[{"hashValue":"cd291b195d9c093af4483e9986838d87","name":"16035487453758362147","path":"/Users/jepson/Desktop/Harmony/projects/Part2Demo/entry/.preview/default/intermediates/res/default/app_compiled/16035487453758362147","type":"file","isSymbolicLink":false,"fileMetaData":{"size":137,"lastModifiedTime":1711946086536}},{"hashValue":"c76f493ae893d32414f0698ec8556b98","name":"8939279926823381154","path":"/Users/jepson/Desktop/Harmony/projects/Part2Demo/entry/.preview/default/intermediates/res/default/app_compiled/8939279926823381154","type":"file","isSymbolicLink":false,"fileMetaData":{"size":222,"lastModifiedTime":1711946086536}}]},{"hashValue":"ca0be2b995b9d9dc253d2694c1549bda","name":"ids_map","path":"/Users/jepson/Desktop/Harmony/projects/Part2Demo/entry/.preview/default/intermediates/res/default/ids_map","type":"directory","isSymbolicLink":false,"children":[{"hashValue":"0ae30bedc05b0d2517ad7baadc3ebf25","name":"id_defined.json","path":"/Users/jepson/Desktop/Harmony/projects/Part2Demo/entry/.preview/default/intermediates/res/default/ids_map/id_defined.json","type":"file","isSymbolicLink":false,"fileMetaData":{"size":3745,"lastModifiedTime":1711946086555}}]},{"hashValue":"a562582909a7418adf0cb63454339ce6","name":"mock-config.json","path":"/Users/jepson/Desktop/Harmony/projects/Part2Demo/entry/.preview/default/intermediates/res/default/mock-config.json","type":"file","isSymbolicLink":false,"fileMetaData":{"size":2,"lastModifiedTime":1711946090756}},{"hashValue":"1913a8de722bcf6c42a06dbf55546488","name":"module_compiled","path":"/Users/jepson/Desktop/Harmony/projects/Part2Demo/entry/.preview/default/intermediates/res/default/module_compiled","type":"directory","isSymbolicLink":false,"children":[{"hashValue":"ccb690d697674de7ed17a4239d61d207","name":"10143150232259623201","path":"/Users/jepson/Desktop/Harmony/projects/Part2Demo/entry/.preview/default/intermediates/res/default/module_compiled/10143150232259623201","type":"file","isSymbolicLink":false,"fileMetaData":{"size":228,"lastModifiedTime":1711946086544}},{"hashValue":"a36961a83ffa3481b17ff9536da2d92a","name":"10232354266219202377","path":"/Users/jepson/Desktop/Harmony/projects/Part2Demo/entry/.preview/default/intermediates/res/default/module_compiled/10232354266219202377","type":"file","isSymbolicLink":false,"fileMetaData":{"size":155,"lastModifiedTime":1711946086543}},{"hashValue":"c1b2385fbc5405f5a1dc30e7d880d9ef","name":"11169293353323507036","path":"/Users/jepson/Desktop/Harmony/projects/Part2Demo/entry/.preview/default/intermediates/res/default/module_compiled/11169293353323507036","type":"file","isSymbolicLink":false,"fileMetaData":{"size":225,"lastModifiedTime":1711946086544}},{"hashValue":"510edcca0a36a2909183a8e132e4e29d","name":"1183709374918617689","path":"/Users/jepson/Desktop/Harmony/projects/Part2Demo/entry/.preview/default/intermediates/res/default/module_compiled/1183709374918617689","type":"file","isSymbolicLink":false,"fileMetaData":{"size":237,"lastModifiedTime":1711946086545}},{"hashValue":"9c53815ee20c4a144b502f528b94b922","name":"12307983967047431831","path":"/Users/jepson/Desktop/Harmony/projects/Part2Demo/entry/.preview/default/intermediates/res/default/module_compiled/12307983967047431831","type":"file","isSymbolicLink":false,"fileMetaData":{"size":506,"lastModifiedTime":1711946086543}},{"hashValue":"388d418240441ca5e4d68fa5c8b563e8","name":"12830656550391366056","path":"/Users/jepson/Desktop/Harmony/projects/Part2Demo/entry/.preview/default/intermediates/res/default/module_compiled/12830656550391366056","type":"file","isSymbolicLink":false,"fileMetaData":{"size":225,"lastModifiedTime":1711946086545}},{"hashValue":"b7da4f98f4f29a02c4ac56a273403c81","name":"13352541972022137383","path":"/Users/jepson/Desktop/Harmony/projects/Part2Demo/entry/.preview/default/intermediates/res/default/module_compiled/13352541972022137383","type":"file","isSymbolicLink":false,"fileMetaData":{"size":225,"lastModifiedTime":1711946086544}},{"hashValue":"89290ad587dd2c114644db71f6ad4a14","name":"13544710629387309311","path":"/Users/jepson/Desktop/Harmony/projects/Part2Demo/entry/.preview/default/intermediates/res/default/module_compiled/13544710629387309311","type":"file","isSymbolicLink":false,"fileMetaData":{"size":231,"lastModifiedTime":1711946086544}},{"hashValue":"436873365c4613c1325c6e84b6b5a97e","name":"14978269308901895787","path":"/Users/jepson/Desktop/Harmony/projects/Part2Demo/entry/.preview/default/intermediates/res/default/module_compiled/14978269308901895787","type":"file","isSymbolicLink":false,"fileMetaData":{"size":228,"lastModifiedTime":1711946086544}},{"hashValue":"fda324d835d35e02eaeff80275775db4","name":"15109435042955760551","path":"/Users/jepson/Desktop/Harmony/projects/Part2Demo/entry/.preview/default/intermediates/res/default/module_compiled/15109435042955760551","type":"file","isSymbolicLink":false,"fileMetaData":{"size":225,"lastModifiedTime":1711946086545}},{"hashValue":"24dbc9d27317e2d466805e98e932c7f9","name":"15301775541543965103","path":"/Users/jepson/Desktop/Harmony/projects/Part2Demo/entry/.preview/default/intermediates/res/default/module_compiled/15301775541543965103","type":"file","isSymbolicLink":false,"fileMetaData":{"size":255,"lastModifiedTime":1711946086545}},{"hashValue":"f5d00da4cb1276372a21ee134931ff0a","name":"16222943592030172132","path":"/Users/jepson/Desktop/Harmony/projects/Part2Demo/entry/.preview/default/intermediates/res/default/module_compiled/16222943592030172132","type":"file","isSymbolicLink":false,"fileMetaData":{"size":234,"lastModifiedTime":1711946086544}},{"hashValue":"804c6e75428cf2bf32126d6f15f035d8","name":"16231109546463685815","path":"/Users/jepson/Desktop/Harmony/projects/Part2Demo/entry/.preview/default/intermediates/res/default/module_compiled/16231109546463685815","type":"file","isSymbolicLink":false,"fileMetaData":{"size":228,"lastModifiedTime":1711946086544}},{"hashValue":"8401230d592a87a82ba8b8570f3b46b2","name":"1752795104832224109","path":"/Users/jepson/Desktop/Harmony/projects/Part2Demo/entry/.preview/default/intermediates/res/default/module_compiled/1752795104832224109","type":"file","isSymbolicLink":false,"fileMetaData":{"size":225,"lastModifiedTime":1711946086545}},{"hashValue":"a82f08e5429fa6497fe80452b28dc739","name":"17622880479910999942","path":"/Users/jepson/Desktop/Harmony/projects/Part2Demo/entry/.preview/default/intermediates/res/default/module_compiled/17622880479910999942","type":"file","isSymbolicLink":false,"fileMetaData":{"size":228,"lastModifiedTime":1711946086544}},{"hashValue":"1a8ed73e71cafcbf44143162666a842f","name":"17721911794423995854","path":"/Users/jepson/Desktop/Harmony/projects/Part2Demo/entry/.preview/default/intermediates/res/default/module_compiled/17721911794423995854","type":"file","isSymbolicLink":false,"fileMetaData":{"size":247,"lastModifiedTime":1711946086543}},{"hashValue":"126b22a942825aa91ac07120b26419c8","name":"18130546849586769671","path":"/Users/jepson/Desktop/Harmony/projects/Part2Demo/entry/.preview/default/intermediates/res/default/module_compiled/18130546849586769671","type":"file","isSymbolicLink":false,"fileMetaData":{"size":458,"lastModifiedTime":1711946086543}},{"hashValue":"7ef3eb235fc7b31222fffefb848f6219","name":"18372994800859584233","path":"/Users/jepson/Desktop/Harmony/projects/Part2Demo/entry/.preview/default/intermediates/res/default/module_compiled/18372994800859584233","type":"file","isSymbolicLink":false,"fileMetaData":{"size":216,"lastModifiedTime":1711946086544}},{"hashValue":"7e08107d1bf3a866948fd41b911adfb4","name":"2142429241469434650","path":"/Users/jepson/Desktop/Harmony/projects/Part2Demo/entry/.preview/default/intermediates/res/default/module_compiled/2142429241469434650","type":"file","isSymbolicLink":false,"fileMetaData":{"size":228,"lastModifiedTime":1711946086544}},{"hashValue":"b09b8396b367bdaecc06aead3cbc997b","name":"2208622513590174207","path":"/Users/jepson/Desktop/Harmony/projects/Part2Demo/entry/.preview/default/intermediates/res/default/module_compiled/2208622513590174207","type":"file","isSymbolicLink":false,"fileMetaData":{"size":228,"lastModifiedTime":1711946086544}},{"hashValue":"df4464b17dd4a314126d166102ee330c","name":"2985933136823070572","path":"/Users/jepson/Desktop/Harmony/projects/Part2Demo/entry/.preview/default/intermediates/res/default/module_compiled/2985933136823070572","type":"file","isSymbolicLink":false,"fileMetaData":{"size":237,"lastModifiedTime":1711946086544}},{"hashValue":"e436414cd835b72b1dc45e3d7ea5f7b5","name":"3972742082223442993","path":"/Users/jepson/Desktop/Harmony/projects/Part2Demo/entry/.preview/default/intermediates/res/default/module_compiled/3972742082223442993","type":"file","isSymbolicLink":false,"fileMetaData":{"size":234,"lastModifiedTime":1711946086545}},{"hashValue":"41fcfc5d577513e402f14f608fbf4afa","name":"4116048922961951880","path":"/Users/jepson/Desktop/Harmony/projects/Part2Demo/entry/.preview/default/intermediates/res/default/module_compiled/4116048922961951880","type":"file","isSymbolicLink":false,"fileMetaData":{"size":222,"lastModifiedTime":1711946086545}},{"hashValue":"15d8a9dd88f920344441f79486de5a4d","name":"4186578952917828142","path":"/Users/jepson/Desktop/Harmony/projects/Part2Demo/entry/.preview/default/intermediates/res/default/module_compiled/4186578952917828142","type":"file","isSymbolicLink":false,"fileMetaData":{"size":222,"lastModifiedTime":1711946086544}},{"hashValue":"1e25872919a60d8bd967635b16f28e9a","name":"5102006273664976078","path":"/Users/jepson/Desktop/Harmony/projects/Part2Demo/entry/.preview/default/intermediates/res/default/module_compiled/5102006273664976078","type":"file","isSymbolicLink":false,"fileMetaData":{"size":216,"lastModifiedTime":1711946086544}},{"hashValue":"cc0c04565a10a2bfc52e307e61f31878","name":"6620254648805896194","path":"/Users/jepson/Desktop/Harmony/projects/Part2Demo/entry/.preview/default/intermediates/res/default/module_compiled/6620254648805896194","type":"file","isSymbolicLink":false,"fileMetaData":{"size":243,"lastModifiedTime":1711946086545}},{"hashValue":"400c5a19594fa1e1203cd6e09ef1f2b0","name":"7288178159167385768","path":"/Users/jepson/Desktop/Harmony/projects/Part2Demo/entry/.preview/default/intermediates/res/default/module_compiled/7288178159167385768","type":"file","isSymbolicLink":false,"fileMetaData":{"size":231,"lastModifiedTime":1711946086545}},{"hashValue":"270b43d54299b42e9f72397fd643e419","name":"9176323097402161966","path":"/Users/jepson/Desktop/Harmony/projects/Part2Demo/entry/.preview/default/intermediates/res/default/module_compiled/9176323097402161966","type":"file","isSymbolicLink":false,"fileMetaData":{"size":225,"lastModifiedTime":1711946086545}},{"hashValue":"e73f3eccf5ea8b54f63c1b2cc86fb60f","name":"9949800628382252382","path":"/Users/jepson/Desktop/Harmony/projects/Part2Demo/entry/.preview/default/intermediates/res/default/module_compiled/9949800628382252382","type":"file","isSymbolicLink":false,"fileMetaData":{"size":228,"lastModifiedTime":1711946086544}},{"hashValue":"bbd68fa1d334cf5c2aac1bf0b6d54382","name":"9992440340937363436","path":"/Users/jepson/Desktop/Harmony/projects/Part2Demo/entry/.preview/default/intermediates/res/default/module_compiled/9992440340937363436","type":"file","isSymbolicLink":false,"fileMetaData":{"size":512,"lastModifiedTime":1711946086542}}]},{"hashValue":"8eb667d6ff7f212b57b2062d71059e36","name":"module.json","path":"/Users/jepson/Desktop/Harmony/projects/Part2Demo/entry/.preview/default/intermediates/res/default/module.json","type":"file","isSymbolicLink":false,"fileMetaData":{"size":2196,"lastModifiedTime":1711946086556}},{"hashValue":"4b5cae5c26c4af5101e38244aa4b9b4c","name":"resources","path":"/Users/jepson/Desktop/Harmony/projects/Part2Demo/entry/.preview/default/intermediates/res/default/resources","type":"directory","isSymbolicLink":false,"children":[{"hashValue":"b70ff965b3637a882404bb17d9da84d8","name":"base","path":"/Users/jepson/Desktop/Harmony/projects/Part2Demo/entry/.preview/default/intermediates/res/default/resources/base","type":"directory","isSymbolicLink":false,"children":[{"hashValue":"23a6746e6b50d8b0aed74dd37b10d7c5","name":"profile","path":"/Users/jepson/Desktop/Harmony/projects/Part2Demo/entry/.preview/default/intermediates/res/default/resources/base/profile","type":"directory","isSymbolicLink":false,"children":[{"hashValue":"acb69c94a3ce35848660156daf2dea09","name":"main_pages.json","path":"/Users/jepson/Desktop/Harmony/projects/Part2Demo/entry/.preview/default/intermediates/res/default/resources/base/profile/main_pages.json","type":"file","isSymbolicLink":false,"fileMetaData":{"size":24,"lastModifiedTime":1711946086561}}]}]}]},{"hashValue":"f85f22a8a680cd2fd92d0eb3e86179de","name":"resources.index","path":"/Users/jepson/Desktop/Harmony/projects/Part2Demo/entry/.preview/default/intermediates/res/default/resources.index","type":"file","isSymbolicLink":false,"fileMetaData":{"size":4249,"lastModifiedTime":1711946086555}},{"hashValue":"21e4a2d12625bb889ce4595e9e308721","name":"ResourceTable.txt","path":"/Users/jepson/Desktop/Harmony/projects/Part2Demo/entry/.preview/default/intermediates/res/default/ResourceTable.txt","type":"file","isSymbolicLink":false,"fileMetaData":{"size":834,"lastModifiedTime":1711946086556}}]},"/Users/jepson/Desktop/Harmony/projects/Part2Demo/entry/.preview/default/generated/r/default":{"hashValue":"b76a57f02ee3e59ec53660800737e20a","name":"default","path":"/Users/jepson/Desktop/Harmony/projects/Part2Demo/entry/.preview/default/generated/r/default","type":"directory","isSymbolicLink":false,"children":[{"hashValue":"d4c243423d1c514f44c3d897460ff0f5","name":"ResourceTable.h","path":"/Users/jepson/Desktop/Harmony/projects/Part2Demo/entry/.preview/default/generated/r/default/ResourceTable.h","type":"file","isSymbolicLink":false,"fileMetaData":{"size":2084,"lastModifiedTime":1711946086556}}]},"/Users/jepson/Desktop/Harmony/projects/Part2Demo/entry/src/main/resources/base/profile":{"hashValue":"81248849bc080d40b790d977ddf33184","name":"profile","path":"/Users/jepson/Desktop/Harmony/projects/Part2Demo/entry/src/main/resources/base/profile","type":"directory","isSymbolicLink":false,"children":[{"hashValue":"9f9cc6c91907d230ba0ebd958f37dfc7","name":"main_pages.json","path":"/Users/jepson/Desktop/Harmony/projects/Part2Demo/entry/src/main/resources/base/profile/main_pages.json","type":"file","isSymbolicLink":false,"fileMetaData":{"size":37,"lastModifiedTime":1710732019829}}]},"/Users/jepson/Desktop/Harmony/projects/Part2Demo/entry/.preview/default/intermediates/res/default/resources/base/profile":{"hashValue":"23a6746e6b50d8b0aed74dd37b10d7c5","name":"profile","path":"/Users/jepson/Desktop/Harmony/projects/Part2Demo/entry/.preview/default/intermediates/res/default/resources/base/profile","type":"directory","isSymbolicLink":false,"children":[{"hashValue":"acb69c94a3ce35848660156daf2dea09","name":"main_pages.json","path":"/Users/jepson/Desktop/Harmony/projects/Part2Demo/entry/.preview/default/intermediates/res/default/resources/base/profile/main_pages.json","type":"file","isSymbolicLink":false,"fileMetaData":{"size":24,"lastModifiedTime":1711946086561}}]},"/Users/jepson/Desktop/Harmony/projects/Part2Demo/entry/.preview/default/intermediates/res/default/module.json":{"hashValue":"8eb667d6ff7f212b57b2062d71059e36","name":"module.json","path":"/Users/jepson/Desktop/Harmony/projects/Part2Demo/entry/.preview/default/intermediates/res/default/module.json","type":"file","isSymbolicLink":false,"fileMetaData":{"size":2196,"lastModifiedTime":1711946086556}},"/Users/jepson/Desktop/Harmony/projects/Part2Demo/entry/.preview/default/intermediates/res/default/resources/base/profile/main_pages.json":{"hashValue":"acb69c94a3ce35848660156daf2dea09","name":"main_pages.json","path":"/Users/jepson/Desktop/Harmony/projects/Part2Demo/entry/.preview/default/intermediates/res/default/resources/base/profile/main_pages.json","type":"file","isSymbolicLink":false,"fileMetaData":{"size":24,"lastModifiedTime":1711946086561}},"/Users/jepson/Desktop/Harmony/projects/Part2Demo/entry/.preview/default/intermediates/loader/default":{"hashValue":"abfde7ad1e55bfbec514972784a1ed7f","name":"default","path":"/Users/jepson/Desktop/Harmony/projects/Part2Demo/entry/.preview/default/intermediates/loader/default","type":"directory","isSymbolicLink":false,"children":[{"hashValue":"863cfcfbf06dccbb4ced882eceb6ee3d","name":"loader.json","path":"/Users/jepson/Desktop/Harmony/projects/Part2Demo/entry/.preview/default/intermediates/loader/default/loader.json","type":"file","isSymbolicLink":false,"fileMetaData":{"size":586,"lastModifiedTime":1710732062487}}]},"/Users/jepson/Desktop/Harmony/projects/Part2Demo/entry/.preview/default/intermediates/res/default/ResourceTable.txt":{"hashValue":"21e4a2d12625bb889ce4595e9e308721","name":"ResourceTable.txt","path":"/Users/jepson/Desktop/Harmony/projects/Part2Demo/entry/.preview/default/intermediates/res/default/ResourceTable.txt","type":"file","isSymbolicLink":false,"fileMetaData":{"size":834,"lastModifiedTime":1711946086556}},"/Users/jepson/Desktop/Harmony/projects/Part2Demo/entry/src/main/ets":{"hashValue":"b3b23ad202c2d163bd5e35a43997c2d9","name":"ets","path":"/Users/jepson/Desktop/Harmony/projects/Part2Demo/entry/src/main/ets","type":"directory","isSymbolicLink":false,"children":[{"hashValue":"6fdcfa9380ebb3ca180a34be468c6511","name":"entryability","path":"/Users/jepson/Desktop/Harmony/projects/Part2Demo/entry/src/main/ets/entryability","type":"directory","isSymbolicLink":false,"children":[{"hashValue":"d9fd65f5f1907ad1ffee99d8ed9466cd","name":"EntryAbility.ets","path":"/Users/jepson/Desktop/Harmony/projects/Part2Demo/entry/src/main/ets/entryability/EntryAbility.ets","type":"file","isSymbolicLink":false,"fileMetaData":{"size":1484,"lastModifiedTime":1710732021761}}]},{"hashValue":"dbb84e89bc3ede7bd01ad1abe49dda4c","name":"pages","path":"/Users/jepson/Desktop/Harmony/projects/Part2Demo/entry/src/main/ets/pages","type":"directory","isSymbolicLink":false,"children":[{"hashValue":"ad6e30148ef656def8a707ea678a036b","name":"Index.ets","path":"/Users/jepson/Desktop/Harmony/projects/Part2Demo/entry/src/main/ets/pages/Index.ets","type":"file","isSymbolicLink":false,"fileMetaData":{"size":54,"lastModifiedTime":1711946082334}}]},{"hashValue":"ed1ba2907816578620cc1cbb0bae6c76","name":"随堂代码","path":"/Users/jepson/Desktop/Harmony/projects/Part2Demo/entry/src/main/ets/随堂代码","type":"directory","isSymbolicLink":false,"children":[{"hashValue":"4be3a5dd9ee8860c7d83e8b510b20cce","name":"01-字符串拼接.ets","path":"/Users/jepson/Desktop/Harmony/projects/Part2Demo/entry/src/main/ets/随堂代码/01-字符串拼接.ets","type":"file","isSymbolicLink":false,"fileMetaData":{"size":639,"lastModifiedTime":1710746084136}},{"hashValue":"eaf2837f63ece7164729262f989a31fa","name":"02-模板字符串.ets","path":"/Users/jepson/Desktop/Harmony/projects/Part2Demo/entry/src/main/ets/随堂代码/02-模板字符串.ets","type":"file","isSymbolicLink":false,"fileMetaData":{"size":571,"lastModifiedTime":1710833489781}},{"hashValue":"67ce873e0849e9b96f33c402f457b84b","name":"03-转数字类型.ets","path":"/Users/jepson/Desktop/Harmony/projects/Part2Demo/entry/src/main/ets/随堂代码/03-转数字类型.ets","type":"file","isSymbolicLink":false,"fileMetaData":{"size":1311,"lastModifiedTime":1710833494114}},{"hashValue":"f07653b8fce6509490628bdd2258c396","name":"04-转字符串类型.ets","path":"/Users/jepson/Desktop/Harmony/projects/Part2Demo/entry/src/main/ets/随堂代码/04-转字符串类型.ets","type":"file","isSymbolicLink":false,"fileMetaData":{"size":649,"lastModifiedTime":1710834213941}},{"hashValue":"5b0ff782e2add096a484d7a9368b9c5c","name":"05-点击事件.ets","path":"/Users/jepson/Desktop/Harmony/projects/Part2Demo/entry/src/main/ets/随堂代码/05-点击事件.ets","type":"file","isSymbolicLink":false,"fileMetaData":{"size":630,"lastModifiedTime":1710917480774}},{"hashValue":"3f476dfaa18f9d4c834d6a54dfab1d87","name":"06-普通变量和状态变量.ets","path":"/Users/jepson/Desktop/Harmony/projects/Part2Demo/entry/src/main/ets/随堂代码/06-普通变量和状态变量.ets","type":"file","isSymbolicLink":false,"fileMetaData":{"size":814,"lastModifiedTime":1710919424905}},{"hashValue":"6ce3d1e6e93b8fb48e12be7293706537","name":"07-计数器案例.ets","path":"/Users/jepson/Desktop/Harmony/projects/Part2Demo/entry/src/main/ets/随堂代码/07-计数器案例.ets","type":"file","isSymbolicLink":false,"fileMetaData":{"size":459,"lastModifiedTime":1710924976338}},{"hashValue":"89ccff40b3fc577fd91d4ab452efd82a","name":"08-赋值运算符.ets","path":"/Users/jepson/Desktop/Harmony/projects/Part2Demo/entry/src/main/ets/随堂代码/08-赋值运算符.ets","type":"file","isSymbolicLink":false,"fileMetaData":{"size":591,"lastModifiedTime":1710938268933}},{"hashValue":"025e4c89be4456a69c946c045d76f05b","name":"09-案例-点赞-准备代码.ets","path":"/Users/jepson/Desktop/Harmony/projects/Part2Demo/entry/src/main/ets/随堂代码/09-案例-点赞-准备代码.ets","type":"file","isSymbolicLink":false,"fileMetaData":{"size":1107,"lastModifiedTime":1710938559242}},{"hashValue":"5293096671ea6ed11d79107d4a53b6a5","name":"10-案例-点赞-功能完成.ets","path":"/Users/jepson/Desktop/Harmony/projects/Part2Demo/entry/src/main/ets/随堂代码/10-案例-点赞-功能完成.ets","type":"file","isSymbolicLink":false,"fileMetaData":{"size":1398,"lastModifiedTime":1710939143792}},{"hashValue":"73a5e26dc3308c4570b140a121bc4f57","name":"11-一元运算符.ets","path":"/Users/jepson/Desktop/Harmony/projects/Part2Demo/entry/src/main/ets/随堂代码/11-一元运算符.ets","type":"file","isSymbolicLink":false,"fileMetaData":{"size":632,"lastModifiedTime":1711010401367}},{"hashValue":"074676c29024c683dab98b64b6d829fa","name":"12-比较运算符.ets","path":"/Users/jepson/Desktop/Harmony/projects/Part2Demo/entry/src/main/ets/随堂代码/12-比较运算符.ets","type":"file","isSymbolicLink":false,"fileMetaData":{"size":631,"lastModifiedTime":1711082683433}},{"hashValue":"dd2f0b989d8ffac004a298422be24e28","name":"13-逻辑运算符.ets","path":"/Users/jepson/Desktop/Harmony/projects/Part2Demo/entry/src/main/ets/随堂代码/13-逻辑运算符.ets","type":"file","isSymbolicLink":false,"fileMetaData":{"size":466,"lastModifiedTime":1711086278114}},{"hashValue":"9871abbd6f25cd31c54716bc20b66c24","name":"14-运算符优先级.ets","path":"/Users/jepson/Desktop/Harmony/projects/Part2Demo/entry/src/main/ets/随堂代码/14-运算符优先级.ets","type":"file","isSymbolicLink":false,"fileMetaData":{"size":450,"lastModifiedTime":1711090841108}},{"hashValue":"33d1288b527bd202c4500d2e17bd4c43","name":"15-购物车案例-静态布局.ets","path":"/Users/jepson/Desktop/Harmony/projects/Part2Demo/entry/src/main/ets/随堂代码/15-购物车案例-静态布局.ets","type":"file","isSymbolicLink":false,"fileMetaData":{"size":3427,"lastModifiedTime":1711092576316}},{"hashValue":"1544a11075861295c8023832d34bfd18","name":"16-购物车案例-功能完成.ets","path":"/Users/jepson/Desktop/Harmony/projects/Part2Demo/entry/src/main/ets/随堂代码/16-购物车案例-功能完成.ets","type":"file","isSymbolicLink":false,"fileMetaData":{"size":4110,"lastModifiedTime":1711095313643}},{"hashValue":"52818172d6c1cbe04a01a537ffc308f9","name":"17-数组取值和修改.ets","path":"/Users/jepson/Desktop/Harmony/projects/Part2Demo/entry/src/main/ets/随堂代码/17-数组取值和修改.ets","type":"file","isSymbolicLink":false,"fileMetaData":{"size":380,"lastModifiedTime":1711369051912}},{"hashValue":"6e7f586efd7ef9691b5364afafff7731","name":"18-数组操作-新增和删除.ets","path":"/Users/jepson/Desktop/Harmony/projects/Part2Demo/entry/src/main/ets/随堂代码/18-数组操作-新增和删除.ets","type":"file","isSymbolicLink":false,"fileMetaData":{"size":884,"lastModifiedTime":1711371729608}},{"hashValue":"0b2fae10097ee05d31b9bbf396c67aa1","name":"19-任意位置-删除和添加.ets","path":"/Users/jepson/Desktop/Harmony/projects/Part2Demo/entry/src/main/ets/随堂代码/19-任意位置-删除和添加.ets","type":"file","isSymbolicLink":false,"fileMetaData":{"size":576,"lastModifiedTime":1711373988417}},{"hashValue":"8336761828ffc04518450958c25cc717","name":"20-分支语句-if单双分支.ets","path":"/Users/jepson/Desktop/Harmony/projects/Part2Demo/entry/src/main/ets/随堂代码/20-分支语句-if单双分支.ets","type":"file","isSymbolicLink":false,"fileMetaData":{"size":567,"lastModifiedTime":1711615153820}},{"hashValue":"1993e673f7ac8d722165949d6655ce81","name":"21-购物车计数器-模板代码.ets","path":"/Users/jepson/Desktop/Harmony/projects/Part2Demo/entry/src/main/ets/随堂代码/21-购物车计数器-模板代码.ets","type":"file","isSymbolicLink":false,"fileMetaData":{"size":649,"lastModifiedTime":1711619691192}},{"hashValue":"3614d5362beb4e55295cae760ca9bddd","name":"22-购物车计数器-完成.ets","path":"/Users/jepson/Desktop/Harmony/projects/Part2Demo/entry/src/main/ets/随堂代码/22-购物车计数器-完成.ets","type":"file","isSymbolicLink":false,"fileMetaData":{"size":1169,"lastModifiedTime":1711620429320}},{"hashValue":"ed166abf744b97316bf4d76cb40f2a68","name":"23-分支语句-if多分支.ets","path":"/Users/jepson/Desktop/Harmony/projects/Part2Demo/entry/src/main/ets/随堂代码/23-分支语句-if多分支.ets","type":"file","isSymbolicLink":false,"fileMetaData":{"size":301,"lastModifiedTime":1711628329241}},{"hashValue":"7dc1e02c000007cd63944608565bde86","name":"24-switch-多分支.ets","path":"/Users/jepson/Desktop/Harmony/projects/Part2Demo/entry/src/main/ets/随堂代码/24-switch-多分支.ets","type":"file","isSymbolicLink":false,"fileMetaData":{"size":457,"lastModifiedTime":1711632344430}},{"hashValue":"f8fe46adb24f291aac580d58c25c2291","name":"25-三元条件表达式.ets","path":"/Users/jepson/Desktop/Harmony/projects/Part2Demo/entry/src/main/ets/随堂代码/25-三元条件表达式.ets","type":"file","isSymbolicLink":false,"fileMetaData":{"size":392,"lastModifiedTime":1711762421665}},{"hashValue":"d40e0d636e84f6d454f63a132549af87","name":"26-条件渲染.ets","path":"/Users/jepson/Desktop/Harmony/projects/Part2Demo/entry/src/main/ets/随堂代码/26-条件渲染.ets","type":"file","isSymbolicLink":false,"fileMetaData":{"size":478,"lastModifiedTime":1711768077282}},{"hashValue":"db242b99855a80ea7d9ffb67ca403315","name":"27-京东加购-模板代码.ets","path":"/Users/jepson/Desktop/Harmony/projects/Part2Demo/entry/src/main/ets/随堂代码/27-京东加购-模板代码.ets","type":"file","isSymbolicLink":false,"fileMetaData":{"size":2857,"lastModifiedTime":1711770606588}},{"hashValue":"cbc6c2f26342b51d7c4fc0ebae538579","name":"28-京东加购-实现功能.ets","path":"/Users/jepson/Desktop/Harmony/projects/Part2Demo/entry/src/main/ets/随堂代码/28-京东加购-实现功能.ets","type":"file","isSymbolicLink":false,"fileMetaData":{"size":3182,"lastModifiedTime":1711773252533}},{"hashValue":"29948f547927fddc787e11ccb357b276","name":"29-循环语句-while循环.ets","path":"/Users/jepson/Desktop/Harmony/projects/Part2Demo/entry/src/main/ets/随堂代码/29-循环语句-while循环.ets","type":"file","isSymbolicLink":false,"fileMetaData":{"size":1399,"lastModifiedTime":1711787787202}},{"hashValue":"a58824ff00f83eac737b1c13b2135b6e","name":"30-循环语句-for循环.ets","path":"/Users/jepson/Desktop/Harmony/projects/Part2Demo/entry/src/main/ets/随堂代码/30-循环语句-for循环.ets","type":"file","isSymbolicLink":false,"fileMetaData":{"size":459,"lastModifiedTime":1711946080402}}]}]},"/Users/jepson/Desktop/Harmony/projects/Part2Demo/entry/.preview/default/intermediates/loader_out/default/ets":{"hashValue":"","name":"emptyroot","path":"","type":"unknown","isSymbolicLink":false,"children":[]}}