{
  "entry/src/main/ets/entryability/EntryAbility.ets": {
    "version": 3,
    "file": "EntryAbility.ets",
    "sourceRoot": "",
    "sources": [
      "entry/src/main/ets/entryability/EntryAbility.ets"
    ],
    "names": [],
    "mappings": ";;;;;AAIA,MAAM,CAAC,OAAO,OAAO,YAAa,SAAQ,SAAS;IACjD,QAAQ,CAAC,IAAI,EAAE,IAAI,EAAE,WAAW,EAAE,eAAe,CAAC,WAAW,GAAG,IAAI;QAClE,KAAK,CAAC,IAAI,CAAC,MAAM,EAAE,SAAS,EAAE,YAAY,EAAE,kBAAkB,CAAC,CAAC;IAClE,CAAC;IAED,SAAS,IAAI,IAAI;QACf,KAAK,CAAC,IAAI,CAAC,MAAM,EAAE,SAAS,EAAE,YAAY,EAAE,mBAAmB,CAAC,CAAC;IACnE,CAAC;IAED,mBAAmB,CAAC,WAAW,EAAE,MAAM,CAAC,WAAW,GAAG,IAAI;QACxD,yDAAyD;QACzD,KAAK,CAAC,IAAI,CAAC,MAAM,EAAE,SAAS,EAAE,YAAY,EAAE,6BAA6B,CAAC,CAAC;QAE3E,WAAW,CAAC,WAAW,CAAC,aAAa,EAAE,CAAC,GAAG,EAAE,IAAI,EAAE,EAAE;YACnD,IAAI,GAAG,CAAC,IAAI,EAAE;gBACZ,KAAK,CAAC,KAAK,CAAC,MAAM,EAAE,SAAS,EAAE,+CAA+C,EAAE,IAAI,CAAC,SAAS,CAAC,GAAG,CAAC,IAAI,EAAE,CAAC,CAAC;gBAC3G,OAAO;aACR;YACD,KAAK,CAAC,IAAI,CAAC,MAAM,EAAE,SAAS,EAAE,oDAAoD,EAAE,IAAI,CAAC,SAAS,CAAC,IAAI,CAAC,IAAI,EAAE,CAAC,CAAC;QAClH,CAAC,CAAC,CAAC;IACL,CAAC;IAED,oBAAoB,IAAI,IAAI;QAC1B,yDAAyD;QACzD,KAAK,CAAC,IAAI,CAAC,MAAM,EAAE,SAAS,EAAE,YAAY,EAAE,8BAA8B,CAAC,CAAC;IAC9E,CAAC;IAED,YAAY,IAAI,IAAI;QAClB,oCAAoC;QACpC,KAAK,CAAC,IAAI,CAAC,MAAM,EAAE,SAAS,EAAE,YAAY,EAAE,sBAAsB,CAAC,CAAC;IACtE,CAAC;IAED,YAAY,IAAI,IAAI;QAClB,iCAAiC;QACjC,KAAK,CAAC,IAAI,CAAC,MAAM,EAAE,SAAS,EAAE,YAAY,EAAE,sBAAsB,CAAC,CAAC;IACtE,CAAC;CACF"
  },
  "entry/src/main/ets/pages/Index.ets": {
    "version": 3,
    "file": "Index.ets",
    "sourceRoot": "",
    "sources": [
      "entry/src/main/ets/pages/Index.ets"
    ],
    "names": [],
    "mappings": ";;AAAA,qBAAqB;AACrB,sBAAsB;AACtB,sBAAsB;AACtB,0CAA0C;AAC1C,EAAE;AACF,0BAA0B;AAC1B,gCAAgC;AAChC,qBAAqB;AACrB,IAAI;AACJ,yBAAyB;AAGzB,mCAAmC;AACnC,qCAAqC;AACrC,yDAAyD;AACzD,4BAA4B;AAC5B,EAAE;AACF,iCAAiC;AACjC,0BAA0B;AAC1B,sBAAsB;AACtB,wBAAwB;AACxB,MAAM;AACN,IAAI;AACJ,6BAA6B;AAI7B,gCAAgC;AAChC,iCAAiC;AACjC,IAAI,GAAG,EAAE,MAAM,EAAE,GAAG,CAAC,EAAE,EAAE,CAAC,EAAE,CAAC,EAAE,EAAE,EAAE,CAAC,EAAE,CAAC,EAAE,EAAE,EAAE,CAAC,EAAE,CAAC,CAAC,CAAA;AAClD,IAAI,MAAM,EAAE,MAAM,EAAE,GAAG,EAAE,CAAA;AAEzB,KAAK,IAAI,GAAG,IAAI,GAAG,EAAE;IACnB,IAAI,GAAG,IAAI,CAAC,EAAE;QACZ,MAAM,CAAC,IAAI,CAAC,GAAG,CAAC,CAAA;KACjB;CACF;AACD,OAAO,CAAC,GAAG,CAAC,KAAK,EAAE,MAAM,CAAC,CAAA;MAKnB,KAAK;IAFZ;;;;;;KAH0B;;;;;;;;;;;IAMxB;IAEA,CAAC"
  }
}