{
  "version": "2.0",
  "events": [
    {
      "head": {
        "id": "91e91b6c-a025-44c5-913a-2821dcc2a572",
        "name": "watch worker: worker id should be larger than 0. Nothing will be sent to any worker thread.",
        "description": "",
        "type": "log"
      },
      "body": {
        "pid": 58272,
        "tid": "Main Thread",
        "startTime": 4595738785762833
      },
      "additional": {
        "logType": "debug",
        "children": []
      }
    },
    {
      "head": {
        "id": "12a95bc4-9eb3-455e-898f-fee9bb4dc6da",
        "name": "init",
        "description": "Initialize and build task graph.",
        "type": "duration"
      },
      "body": {
        "pid": 58272,
        "tid": "Main Thread",
        "startTime": 4595738788388833,
        "endTime": 4595739598550958
      },
      "additional": {
        "children": [],
        "state": "success",
        "targetName": "",
        "moduleName": "",
        "category": "Init",
        "taskRunReasons": [],
        "logId": "3fa6e7a8-d297-4f33-863d-420a3f00e728"
      },
      "log": {
        "_logger": {
          "category": "DurationEvent",
          "context": {},
          "callStackSkipIndex": 0
        },
        "_filelogger": {
          "category": "debug-file",
          "context": {},
          "callStackSkipIndex": 0
        }
      }
    },
    {
      "head": {
        "id": "1021cbc1-93ec-4dbd-987c-fd6ee64fce23",
        "name": "Hvigor init with startParameters:{\n  hvigorfileTypeCheck: false,\n  parallelExecution: true,\n  incrementalExecution: true,\n  printStackTrace: false,\n  daemon: true,\n  analyze: 0,\n  logLevel: Level { level: 20000, levelStr: 'INFO', colour: 'green' },\n  enableSignTask: true,\n  skipNativeIncremental: false,\n  poolMaxCoreSize: undefined,\n  poolCacheCapacity: undefined,\n  poolCacheTtl: undefined\n}",
        "description": "",
        "type": "log"
      },
      "body": {
        "pid": 58272,
        "tid": "Main Thread",
        "startTime": 4595738790064000
      },
      "additional": {
        "logType": "debug",
        "children": []
      }
    },
    {
      "head": {
        "id": "d86996ab-451e-4f81-9cec-11dee56fe990",
        "name": "Cache service initialization finished in 3 ms ",
        "description": "",
        "type": "log"
      },
      "body": {
        "pid": 58272,
        "tid": "Main Thread",
        "startTime": 4595738792820000
      },
      "additional": {
        "logType": "debug",
        "children": []
      }
    },
    {
      "head": {
        "id": "65c321ff-8de2-40da-9766-d8c087047920",
        "name": "Since there is no instance or instance is terminated, create a new worker pool.",
        "description": "",
        "type": "log"
      },
      "body": {
        "pid": 58272,
        "tid": "Main Thread",
        "startTime": 4595738793203958
      },
      "additional": {
        "logType": "debug",
        "children": []
      }
    },
    {
      "head": {
        "id": "32fe5e04-4f80-4991-91a6-93a705391737",
        "name": "Worker pool is initialized with config:  {\n  minPoolNum: 2,\n  maxCoreSize: undefined,\n  cacheCapacity: undefined,\n  cacheTtl: undefined\n}",
        "description": "",
        "type": "log"
      },
      "body": {
        "pid": 58272,
        "tid": "Main Thread",
        "startTime": 4595738793349500
      },
      "additional": {
        "logType": "debug",
        "children": []
      }
    },
    {
      "head": {
        "id": "15496535-378b-46af-ab02-01754b49a338",
        "name": "Create  resident worker with id: 0.",
        "description": "",
        "type": "log"
      },
      "body": {
        "pid": 58272,
        "tid": "Main Thread",
        "startTime": 4595738793761750
      },
      "additional": {
        "logType": "debug",
        "children": []
      }
    },
    {
      "head": {
        "id": "4115962b-0865-4318-a146-fd72a7ddf723",
        "name": "Create  resident worker with id: 1.",
        "description": "",
        "type": "log"
      },
      "body": {
        "pid": 58272,
        "tid": "Main Thread",
        "startTime": 4595738794722583
      },
      "additional": {
        "logType": "debug",
        "children": []
      }
    },
    {
      "head": {
        "id": "50c65c4e-6a80-49f5-bfcd-e42a6ef980aa",
        "name": "hvigorfile, resolving /Users/jepson/Desktop/Harmony/projects/Part2Demo/hvigorfile.ts",
        "description": "",
        "type": "log"
      },
      "body": {
        "pid": 58272,
        "tid": "Main Thread",
        "startTime": 4595738796117416
      },
      "additional": {
        "logType": "debug",
        "children": []
      }
    },
    {
      "head": {
        "id": "0dc44542-5b3f-4d50-974e-bfd99a647874",
        "name": "hvigorfile, require result:  { default: { system: [Function: appTasks], plugins: [] } }",
        "description": "",
        "type": "log"
      },
      "body": {
        "pid": 58272,
        "tid": "Main Thread",
        "startTime": 4595739394004250
      },
      "additional": {
        "logType": "debug",
        "children": []
      }
    },
    {
      "head": {
        "id": "389d5284-354e-47a3-8dbd-4640fc0c4608",
        "name": "hvigorfile, binding system plugins [Function: appTasks]",
        "description": "",
        "type": "log"
      },
      "body": {
        "pid": 58272,
        "tid": "Main Thread",
        "startTime": 4595739394157958
      },
      "additional": {
        "logType": "debug",
        "children": []
      }
    },
    {
      "head": {
        "id": "35fd0d16-4521-4bf4-bef5-ce8b386209e0",
        "name": "hvigorfile, binding custom plugins []",
        "description": "",
        "type": "log"
      },
      "body": {
        "pid": 58272,
        "tid": "Main Thread",
        "startTime": 4595739496806916
      },
      "additional": {
        "logType": "debug",
        "children": []
      }
    },
    {
      "head": {
        "id": "c7b924d6-5ec2-431e-8b10-4a8ef465b92f",
        "name": "hvigorfile, no custom plugins were found in /Users/jepson/Desktop/Harmony/projects/Part2Demo/hvigorfile.ts",
        "description": "",
        "type": "log"
      },
      "body": {
        "pid": 58272,
        "tid": "Main Thread",
        "startTime": 4595739496877291
      },
      "additional": {
        "logType": "debug",
        "children": []
      }
    },
    {
      "head": {
        "id": "c05b160c-bd65-4352-b11c-7ca070e2dfdf",
        "name": "hvigorfile, resolve finished /Users/jepson/Desktop/Harmony/projects/Part2Demo/hvigorfile.ts",
        "description": "",
        "type": "log"
      },
      "body": {
        "pid": 58272,
        "tid": "Main Thread",
        "startTime": 4595739496904666
      },
      "additional": {
        "logType": "debug",
        "children": []
      }
    },
    {
      "head": {
        "id": "4661be05-2643-4352-83a1-6520f51f11ae",
        "name": "hvigorfile, resolving /Users/jepson/Desktop/Harmony/projects/Part2Demo/entry/hvigorfile.ts",
        "description": "",
        "type": "log"
      },
      "body": {
        "pid": 58272,
        "tid": "Main Thread",
        "startTime": 4595739497550500
      },
      "additional": {
        "logType": "debug",
        "children": []
      }
    },
    {
      "head": {
        "id": "1a088a2c-4815-4366-a852-7ff31bf60523",
        "name": "hvigorfile, require result:  { default: { system: [Function: hapTasks], plugins: [] } }",
        "description": "",
        "type": "log"
      },
      "body": {
        "pid": 58272,
        "tid": "Main Thread",
        "startTime": 4595739501179083
      },
      "additional": {
        "logType": "debug",
        "children": []
      }
    },
    {
      "head": {
        "id": "6e8d6f47-c70b-47dd-91b9-6278ebde7663",
        "name": "hvigorfile, binding system plugins [Function: hapTasks]",
        "description": "",
        "type": "log"
      },
      "body": {
        "pid": 58272,
        "tid": "Main Thread",
        "startTime": 4595739501247583
      },
      "additional": {
        "logType": "debug",
        "children": []
      }
    },
    {
      "head": {
        "id": "3ee82cee-deb3-45e0-b41c-ff6e81c73cda",
        "name": "Module entry Collected Dependency: ",
        "description": "",
        "type": "log"
      },
      "body": {
        "pid": 58272,
        "tid": "Main Thread",
        "startTime": 4595739505860666
      },
      "additional": {
        "logType": "debug",
        "children": []
      }
    },
    {
      "head": {
        "id": "2d37d26a-86a9-48df-ab80-e7ed6a0d8e82",
        "name": "Module entry's total dependency: 0",
        "description": "",
        "type": "log"
      },
      "body": {
        "pid": 58272,
        "tid": "Main Thread",
        "startTime": 4595739506127875
      },
      "additional": {
        "logType": "debug",
        "children": []
      }
    },
    {
      "head": {
        "id": "1298ec52-d9fa-447d-b225-8ce531a175de",
        "name": "Start initialize module-target build option map, moduleName=entry, buildMode=debug",
        "description": "",
        "type": "log"
      },
      "body": {
        "pid": 58272,
        "tid": "Main Thread",
        "startTime": 4595739508165625
      },
      "additional": {
        "logType": "debug",
        "children": []
      }
    },
    {
      "head": {
        "id": "db5d40d1-3fd1-4517-880d-4362504d2be1",
        "name": "Target 'default' config: {}",
        "description": "",
        "type": "log"
      },
      "body": {
        "pid": 58272,
        "tid": "Main Thread",
        "startTime": 4595739508274250
      },
      "additional": {
        "logType": "debug",
        "children": []
      }
    },
    {
      "head": {
        "id": "32f0bcb4-ef96-4b6b-9b0d-e766ac90d061",
        "name": "Target 'ohosTest' config: {}",
        "description": "",
        "type": "log"
      },
      "body": {
        "pid": 58272,
        "tid": "Main Thread",
        "startTime": 4595739508562666
      },
      "additional": {
        "logType": "debug",
        "children": []
      }
    },
    {
      "head": {
        "id": "65caa412-340d-49b7-bc6b-c3f767d7bd05",
        "name": "Module 'entry' target 'default' build option: {\n  \"debuggable\": true,\n  \"copyFrom\": \"default\",\n  \"name\": \"debug\"\n}",
        "description": "",
        "type": "log"
      },
      "body": {
        "pid": 58272,
        "tid": "Main Thread",
        "startTime": 4595739508702333
      },
      "additional": {
        "logType": "debug",
        "children": []
      }
    },
    {
      "head": {
        "id": "78fb1025-f484-4676-ae25-0e78b30759e0",
        "name": "Module 'entry' target 'ohosTest' build option: {\n  \"debuggable\": true,\n  \"name\": \"default\"\n}",
        "description": "",
        "type": "log"
      },
      "body": {
        "pid": 58272,
        "tid": "Main Thread",
        "startTime": 4595739508730708
      },
      "additional": {
        "logType": "debug",
        "children": []
      }
    },
    {
      "head": {
        "id": "1b1891d8-37a9-44f2-937a-09119547c890",
        "name": "End initialize module-target build option map, moduleName=entry",
        "description": "",
        "type": "log"
      },
      "body": {
        "pid": 58272,
        "tid": "Main Thread",
        "startTime": 4595739508751958
      },
      "additional": {
        "logType": "debug",
        "children": []
      }
    },
    {
      "head": {
        "id": "1150120b-094a-4d1b-843d-1374b166c773",
        "name": "Module 'entry' target 'default' using build option: {\n  \"debuggable\": true,\n  \"copyFrom\": \"default\",\n  \"name\": \"debug\"\n} in this build.",
        "description": "",
        "type": "log"
      },
      "body": {
        "pid": 58272,
        "tid": "Main Thread",
        "startTime": 4595739508912166
      },
      "additional": {
        "logType": "debug",
        "children": []
      }
    },
    {
      "head": {
        "id": "5c4ff8b2-8219-4d3a-92b6-30c3012aa312",
        "name": "require SDK: toolchains,ArkTS; moduleName=entry",
        "description": "",
        "type": "log"
      },
      "body": {
        "pid": 58272,
        "tid": "Main Thread",
        "startTime": 4595739509584000
      },
      "additional": {
        "logType": "debug",
        "children": []
      }
    },
    {
      "head": {
        "id": "39a6009e-dd07-4aa3-993c-eb004d52d5c1",
        "name": "Module entry task initialization takes 3 ms ",
        "description": "",
        "type": "log"
      },
      "body": {
        "pid": 58272,
        "tid": "Main Thread",
        "startTime": 4595739512387500
      },
      "additional": {
        "logType": "debug",
        "children": []
      }
    },
    {
      "head": {
        "id": "daef6746-42fb-4ca3-8e30-dbd043f39501",
        "name": "hvigorfile, binding custom plugins []",
        "description": "",
        "type": "log"
      },
      "body": {
        "pid": 58272,
        "tid": "Main Thread",
        "startTime": 4595739512438125
      },
      "additional": {
        "logType": "debug",
        "children": []
      }
    },
    {
      "head": {
        "id": "1b9d061f-a711-4413-aba0-ac37905e3dc1",
        "name": "hvigorfile, no custom plugins were found in /Users/jepson/Desktop/Harmony/projects/Part2Demo/entry/hvigorfile.ts",
        "description": "",
        "type": "log"
      },
      "body": {
        "pid": 58272,
        "tid": "Main Thread",
        "startTime": 4595739512461500
      },
      "additional": {
        "logType": "debug",
        "children": []
      }
    },
    {
      "head": {
        "id": "89ef2e52-4aad-4cde-bfe0-0bf445079959",
        "name": "hvigorfile, resolve finished /Users/jepson/Desktop/Harmony/projects/Part2Demo/entry/hvigorfile.ts",
        "description": "",
        "type": "log"
      },
      "body": {
        "pid": 58272,
        "tid": "Main Thread",
        "startTime": 4595739512480166
      },
      "additional": {
        "logType": "debug",
        "children": []
      }
    },
    {
      "head": {
        "id": "e623b4de-45ae-4286-9bbc-e9b0c751d847",
        "name": "hvigorfile, resolve hvigorfile dependencies in 47 ms ",
        "description": "",
        "type": "log"
      },
      "body": {
        "pid": 58272,
        "tid": "Main Thread",
        "startTime": 4595739558603708
      },
      "additional": {
        "logType": "debug",
        "children": []
      }
    },
    {
      "head": {
        "id": "f1496460-9f58-43f4-850c-6f4f17d5fcba",
        "name": "Start initialize project's product build option map with build mode debug.",
        "description": "",
        "type": "log"
      },
      "body": {
        "pid": 58272,
        "tid": "Main Thread",
        "startTime": 4595739559183750
      },
      "additional": {
        "logType": "debug",
        "children": []
      }
    },
    {
      "head": {
        "id": "d8f7f3d5-bb5f-49a4-acd3-7431de59a8ee",
        "name": "Picking option from product 'default' with build mode 'debug'.",
        "description": "",
        "type": "log"
      },
      "body": {
        "pid": 58272,
        "tid": "Main Thread",
        "startTime": 4595739559256541
      },
      "additional": {
        "logType": "debug",
        "children": []
      }
    },
    {
      "head": {
        "id": "4b077d4c-eb40-4ad7-a32e-f03ccf7d059e",
        "name": "Product 'default' build option: {}",
        "description": "",
        "type": "log"
      },
      "body": {
        "pid": 58272,
        "tid": "Main Thread",
        "startTime": 4595739559299458
      },
      "additional": {
        "logType": "debug",
        "children": []
      }
    },
    {
      "head": {
        "id": "0227cdc4-29d5-40bd-9dc6-83d2bddfc2fb",
        "name": "End initialize project's product build option map with build mode 'debug'.",
        "description": "",
        "type": "log"
      },
      "body": {
        "pid": 58272,
        "tid": "Main Thread",
        "startTime": 4595739559320541
      },
      "additional": {
        "logType": "debug",
        "children": []
      }
    },
    {
      "head": {
        "id": "24621742-48ac-48ea-a3c5-d6966895da29",
        "name": "Module Part2Demo Collected Dependency: ",
        "description": "",
        "type": "log"
      },
      "body": {
        "pid": 58272,
        "tid": "Main Thread",
        "startTime": 4595739559524000
      },
      "additional": {
        "logType": "debug",
        "children": []
      }
    },
    {
      "head": {
        "id": "f1d35c72-7d2a-4531-b923-81077257b2a3",
        "name": "Module Part2Demo's total dependency: 0",
        "description": "",
        "type": "log"
      },
      "body": {
        "pid": 58272,
        "tid": "Main Thread",
        "startTime": 4595739559547541
      },
      "additional": {
        "logType": "debug",
        "children": []
      }
    },
    {
      "head": {
        "id": "3b94bc6d-1d50-4fc4-9a0b-177d12f9858a",
        "name": "Product 'default' using build option: {\n  \"debuggable\": true\n} in this build.",
        "description": "",
        "type": "log"
      },
      "body": {
        "pid": 58272,
        "tid": "Main Thread",
        "startTime": 4595739559974541
      },
      "additional": {
        "logType": "debug",
        "children": []
      }
    },
    {
      "head": {
        "id": "65c3b357-7697-4307-835f-9ffd8db9ded7",
        "name": "harmonyOS sdk scan",
        "description": "HarmonyOS sdk scan",
        "type": "duration"
      },
      "body": {
        "pid": 58272,
        "tid": "Main Thread",
        "startTime": 4595739562386166,
        "endTime": 4595739575045875
      },
      "additional": {
        "children": [],
        "state": "success",
        "targetName": "",
        "moduleName": "",
        "category": "Other",
        "taskRunReasons": []
      },
      "log": {
        "_logger": {
          "category": "DurationEvent",
          "context": {},
          "callStackSkipIndex": 0
        },
        "_filelogger": {
          "category": "debug-file",
          "context": {},
          "callStackSkipIndex": 0
        }
      }
    },
    {
      "head": {
        "id": "84b56f94-bc14-4c5c-a288-9a8b993a9de4",
        "name": "Local scan or download HarmonyOS sdk components toolchains",
        "description": "",
        "type": "log"
      },
      "body": {
        "pid": 58272,
        "tid": "Main Thread",
        "startTime": 4595739562470291
      },
      "additional": {
        "logType": "debug",
        "children": []
      }
    },
    {
      "head": {
        "id": "4779a552-8338-4d64-91c6-091a95de3378",
        "name": "Component System-image-phone Developer Preview1 has been placed in the wrong place,\n             expect /Users/jepson/Documents/harmony_env/sdk/system-image/HarmonyOS-NEXT-DP1/phone_arm, actual /Users/jepson/Documents/harmony_env/sdk/system-image/HarmonyOS-NEXT-DP1/phone_arm",
        "description": "",
        "type": "log"
      },
      "body": {
        "pid": 58272,
        "tid": "Main Thread",
        "startTime": 4595739574712958
      },
      "additional": {
        "logType": "debug",
        "children": []
      }
    },
    {
      "head": {
        "id": "9da05645-a862-45f3-bc10-719156b2e291",
        "name": "hmscore sdk scan",
        "description": "Hmscore sdk scan",
        "type": "duration"
      },
      "body": {
        "pid": 58272,
        "tid": "Main Thread",
        "startTime": 4595739575355958,
        "endTime": 4595739588546791
      },
      "additional": {
        "children": [],
        "state": "success",
        "targetName": "",
        "moduleName": "",
        "category": "Other",
        "taskRunReasons": []
      },
      "log": {
        "_logger": {
          "category": "DurationEvent",
          "context": {},
          "callStackSkipIndex": 0
        },
        "_filelogger": {
          "category": "debug-file",
          "context": {},
          "callStackSkipIndex": 0
        }
      }
    },
    {
      "head": {
        "id": "7443d754-9133-4bb3-9561-9a228fc8c1f1",
        "name": "Local scan or download hmscore sdk components toolchains",
        "description": "",
        "type": "log"
      },
      "body": {
        "pid": 58272,
        "tid": "Main Thread",
        "startTime": 4595739575432666
      },
      "additional": {
        "logType": "debug",
        "children": []
      }
    },
    {
      "head": {
        "id": "72160cd0-22ae-4a0e-9448-f73dcfa58ee2",
        "name": "Component System-image-phone Developer Preview1 has been placed in the wrong place,\n             expect /Users/jepson/Documents/harmony_env/sdk/system-image/HarmonyOS-NEXT-DP1/phone_arm, actual /Users/jepson/Documents/harmony_env/sdk/system-image/HarmonyOS-NEXT-DP1/phone_arm",
        "description": "",
        "type": "log"
      },
      "body": {
        "pid": 58272,
        "tid": "Main Thread",
        "startTime": 4595739588274916
      },
      "additional": {
        "logType": "debug",
        "children": []
      }
    },
    {
      "head": {
        "id": "9505df55-1761-4023-920f-ce28ed88ce29",
        "name": "Sdk init in 28 ms ",
        "description": "",
        "type": "log"
      },
      "body": {
        "pid": 58272,
        "tid": "Main Thread",
        "startTime": 4595739589076208
      },
      "additional": {
        "logType": "debug",
        "children": []
      }
    },
    {
      "head": {
        "id": "dae0306d-4cd9-4b94-b0e0-b66890498e37",
        "name": "sdkVersion",
        "description": "4.1.0.52",
        "type": "mark"
      },
      "body": {
        "pid": 58272,
        "tid": "Main Thread",
        "startTime": 4595739589154083
      },
      "additional": {
        "time": {
          "year": 2024,
          "month": 3,
          "day": 28,
          "hour": 15,
          "minute": 51
        },
        "markType": "other"
      }
    },
    {
      "head": {
        "id": "585040ea-6edd-4754-b348-d34d90cde052",
        "name": "Project task initialization takes 6 ms ",
        "description": "",
        "type": "log"
      },
      "body": {
        "pid": 58272,
        "tid": "Main Thread",
        "startTime": 4595739595531291
      },
      "additional": {
        "logType": "debug",
        "children": []
      }
    },
    {
      "head": {
        "id": "cdb156ae-ab60-455e-a295-7262b754a944",
        "name": "Sdk init in 1 ms ",
        "description": "",
        "type": "log"
      },
      "body": {
        "pid": 58272,
        "tid": "Main Thread",
        "startTime": 4595739596347041
      },
      "additional": {
        "logType": "debug",
        "children": []
      }
    },
    {
      "head": {
        "id": "dbd773e5-ac03-4066-98f9-871066260738",
        "name": "project has submodules:entry",
        "description": "",
        "type": "log"
      },
      "body": {
        "pid": 58272,
        "tid": "Main Thread",
        "startTime": 4595739597577125
      },
      "additional": {
        "logType": "debug",
        "children": []
      }
    },
    {
      "head": {
        "id": "58b3dd69-f63a-40ef-86a9-6420658639f1",
        "name": "Configuration phase cost:805 ms ",
        "description": "",
        "type": "log"
      },
      "body": {
        "pid": 58272,
        "tid": "Main Thread",
        "startTime": 4595739597897916
      },
      "additional": {
        "logType": "debug",
        "children": []
      }
    },
    {
      "head": {
        "id": "3fa6e7a8-d297-4f33-863d-420a3f00e728",
        "name": "init",
        "description": "",
        "type": "log"
      },
      "body": {
        "pid": 58272,
        "tid": "Main Thread",
        "startTime": 4595738788388833,
        "endTime": 4595739598550958
      },
      "additional": {
        "logType": "info",
        "children": [],
        "durationId": "12a95bc4-9eb3-455e-898f-fee9bb4dc6da"
      }
    },
    {
      "head": {
        "id": "22c59074-fe55-4380-bbd0-76debf69f54e",
        "name": "Configuration task cost before running: 811 ms ",
        "description": "",
        "type": "log"
      },
      "body": {
        "pid": 58272,
        "tid": "Main Thread",
        "startTime": 4595739598789291
      },
      "additional": {
        "logType": "debug",
        "children": []
      }
    },
    {
      "head": {
        "id": "be39a057-67a9-4a37-a684-3f2c85cc81c5",
        "name": "Task '' not found in root project 'Part2Demo'. Invalid command to execute the build task, please verify the parameters in the command and try again.",
        "description": "",
        "type": "log"
      },
      "body": {
        "pid": 58272,
        "tid": "Main Thread",
        "startTime": 4595739598981250
      },
      "additional": {
        "logType": "error",
        "children": []
      }
    },
    {
      "head": {
        "id": "d1a598dd-5c9f-4d3c-9f25-2b02c16330b3",
        "name": "* Try the following:\n> Run 'hvigorw --help' to learn more about hvigor command.\n> Run 'hvigorw tasks' to get a list of available tasks.\n> Run the command with '--info' or '--debug' option to get more log output.\n",
        "description": "",
        "type": "log"
      },
      "body": {
        "pid": 58272,
        "tid": "Main Thread",
        "startTime": 4595739599035958
      },
      "additional": {
        "logType": "info",
        "children": []
      }
    },
    {
      "head": {
        "id": "1cd98923-fda0-4110-8bd0-563ef2cdb4b1",
        "name": "BUILD FAILED in 811 ms ",
        "description": "",
        "type": "log"
      },
      "body": {
        "pid": 58272,
        "tid": "Main Thread",
        "startTime": 4595739599070833
      },
      "additional": {
        "logType": "error",
        "children": []
      }
    },
    {
      "head": {
        "id": "eef9f783-bba7-419c-9556-30d76cb5305e",
        "name": "",
        "description": "",
        "type": "mark"
      },
      "body": {
        "pid": 58272,
        "tid": "Main Thread",
        "startTime": 4595738788211291,
        "endTime": 4595739599175958
      },
      "additional": {
        "time": {
          "year": 2024,
          "month": 3,
          "day": 28,
          "hour": 15,
          "minute": 51
        },
        "completeCommand": "{\"prop\":[],\"analyze\":true,\"parallel\":true,\"incremental\":true,\"daemon\":true,\"_\":[]};",
        "hvigorVersion": "4.0.2",
        "markType": "history",
        "category": "build",
        "state": "failed"
      }
    }
  ],
  "workLog": []
}